{
    "T": "2026-06-02T02:28:18.492",
    "1": {
        "C": 0,
        "P": 0.99609375,
        "X": 71,
        "Y": 192,
        "x": 119,
        "y": 245
    },
    "2": {
        "C": 0,
        "P": 0.99609375,
        "X": 193,
        "Y": 208,
        "x": 245,
        "y": 262
    },
    "3": {
        "C": 0,
        "P": 0.8984375,
        "X": 17,
        "Y": 196,
        "x": 65,
        "y": 252
    },
    "4": {
        "C": 1,
        "P": 0.53125,
        "X": 94,
        "Y": 292,
        "x": 134,
        "y": 323
    }
}