{
    "T": "2026-06-02T02:28:51.763",
    "1": {
        "C": 0,
        "P": 0.99609375,
        "X": 32,
        "Y": 195,
        "x": 77,
        "y": 247
    },
    "2": {
        "C": 0,
        "P": 0.984375,
        "X": 70,
        "Y": 145,
        "x": 116,
        "y": 199
    },
    "3": {
        "C": 0,
        "P": 0.97265625,
        "X": 206,
        "Y": 211,
        "x": 256,
        "y": 274
    },
    "4": {
        "C": 0,
        "P": 0.609375,
        "X": 83,
        "Y": 199,
        "x": 120,
        "y": 256
    },
    "5": {
        "C": 0,
        "P": 0.578125,
        "X": 139,
        "Y": 203,
        "x": 180,
        "y": 255
    },
    "6": {
        "C": 1,
        "P": 0.546875,
        "X": 85,
        "Y": 207,
        "x": 116,
        "y": 250
    },
    "7": {
        "C": 1,
        "P": 0.171875,
        "X": 96,
        "Y": 293,
        "x": 133,
        "y": 320
    },
    "8": {
        "C": 1,
        "P": 0.10546875,
        "X": 38,
        "Y": 198,
        "x": 70,
        "y": 243
    }
}