{
    "T": "2026-06-02T02:29:08.533",
    "1": {
        "C": 0,
        "P": 0.99609375,
        "X": 30,
        "Y": 195,
        "x": 78,
        "y": 245
    },
    "2": {
        "C": 0,
        "P": 0.9453125,
        "X": 195,
        "Y": 161,
        "x": 242,
        "y": 220
    },
    "3": {
        "C": 0,
        "P": 0.859375,
        "X": 175,
        "Y": 209,
        "x": 229,
        "y": 262
    },
    "4": {
        "C": 0,
        "P": 0.40625,
        "X": 207,
        "Y": 207,
        "x": 256,
        "y": 272
    },
    "5": {
        "C": 1,
        "P": 0.24609375,
        "X": 96,
        "Y": 293,
        "x": 133,
        "y": 320
    },
    "6": {
        "C": 1,
        "P": 0.10546875,
        "X": 73,
        "Y": 213,
        "x": 111,
        "y": 243
    }
}