{
    "T": "2026-06-02T02:28:28.312",
    "1": {
        "C": 0,
        "P": 0.8984375,
        "X": 68,
        "Y": 147,
        "x": 116,
        "y": 199
    },
    "2": {
        "C": 0,
        "P": 0.828125,
        "X": 79,
        "Y": 191,
        "x": 125,
        "y": 246
    },
    "3": {
        "C": 0,
        "P": 0.75390625,
        "X": 203,
        "Y": 218,
        "x": 233,
        "y": 254
    },
    "4": {
        "C": 0,
        "P": 0.65234375,
        "X": 197,
        "Y": 205,
        "x": 247,
        "y": 261
    },
    "5": {
        "C": 0,
        "P": 0.453125,
        "X": 50,
        "Y": 165,
        "x": 89,
        "y": 225
    },
    "6": {
        "C": 0,
        "P": 0.4375,
        "X": 28,
        "Y": 190,
        "x": 78,
        "y": 248
    },
    "7": {
        "C": 1,
        "P": 0.36328125,
        "X": 95,
        "Y": 292,
        "x": 135,
        "y": 323
    }
}