{
    "T": "2026-06-02T02:29:01.823",
    "1": {
        "C": 0,
        "P": 0.99609375,
        "X": 30,
        "Y": 196,
        "x": 77,
        "y": 247
    },
    "2": {
        "C": 0,
        "P": 0.98828125,
        "X": 81,
        "Y": 198,
        "x": 117,
        "y": 255
    },
    "3": {
        "C": 0,
        "P": 0.9765625,
        "X": 204,
        "Y": 210,
        "x": 256,
        "y": 274
    },
    "4": {
        "C": 0,
        "P": 0.9453125,
        "X": 107,
        "Y": 41,
        "x": 155,
        "y": 104
    },
    "5": {
        "C": 1,
        "P": 0.8671875,
        "X": 38,
        "Y": 48,
        "x": 72,
        "y": 91
    },
    "6": {
        "C": 1,
        "P": 0.40625,
        "X": 82,
        "Y": 204,
        "x": 115,
        "y": 251
    },
    "7": {
        "C": 0,
        "P": 0.34765625,
        "X": 31,
        "Y": 46,
        "x": 77,
        "y": 94
    },
    "8": {
        "C": 1,
        "P": 0.26953125,
        "X": 95,
        "Y": 293,
        "x": 133,
        "y": 320
    },
    "9": {
        "C": 1,
        "P": 0.1640625,
        "X": 38,
        "Y": 197,
        "x": 70,
        "y": 243
    },
    "10": {
        "C": 1,
        "P": 0.125,
        "X": 186,
        "Y": 20,
        "x": 212,
        "y": 84
    }
}