{
    "T": "2026-06-02T02:27:54.812",
    "1": {
        "C": 0,
        "P": 0.99609375,
        "X": 24,
        "Y": 123,
        "x": 63,
        "y": 178
    },
    "2": {
        "C": 0,
        "P": 0.99609375,
        "X": 221,
        "Y": 203,
        "x": 264,
        "y": 267
    },
    "3": {
        "C": 0,
        "P": 0.99609375,
        "X": 76,
        "Y": 183,
        "x": 123,
        "y": 243
    },
    "4": {
        "C": 1,
        "P": 0.96875,
        "X": 34,
        "Y": 69,
        "x": 67,
        "y": 106
    },
    "5": {
        "C": 1,
        "P": 0.125,
        "X": 89,
        "Y": 190,
        "x": 118,
        "y": 235
    }
}