{
    "T": "2026-06-02T02:28:48.413",
    "1": {
        "C": 0,
        "P": 0.99609375,
        "X": 29,
        "Y": 196,
        "x": 75,
        "y": 247
    },
    "2": {
        "C": 0,
        "P": 0.99609375,
        "X": 195,
        "Y": 209,
        "x": 243,
        "y": 261
    },
    "3": {
        "C": 0,
        "P": 0.9921875,
        "X": 71,
        "Y": 147,
        "x": 114,
        "y": 200
    },
    "4": {
        "C": 0,
        "P": 0.765625,
        "X": 81,
        "Y": 200,
        "x": 117,
        "y": 255
    },
    "5": {
        "C": 0,
        "P": 0.71875,
        "X": 139,
        "Y": 203,
        "x": 180,
        "y": 257
    },
    "6": {
        "C": 1,
        "P": 0.59375,
        "X": 83,
        "Y": 206,
        "x": 115,
        "y": 251
    },
    "7": {
        "C": 1,
        "P": 0.3359375,
        "X": 95,
        "Y": 293,
        "x": 135,
        "y": 323
    },
    "8": {
        "C": 0,
        "P": 0.26953125,
        "X": 114,
        "Y": 32,
        "x": 159,
        "y": 105
    },
    "9": {
        "C": 1,
        "P": 0.26953125,
        "X": 38,
        "Y": 198,
        "x": 69,
        "y": 243
    }
}