{
    "T": "2026-06-02T02:28:58.423",
    "1": {
        "C": 0,
        "P": 0.99609375,
        "X": 30,
        "Y": 195,
        "x": 76,
        "y": 247
    },
    "2": {
        "C": 0,
        "P": 0.9921875,
        "X": 204,
        "Y": 211,
        "x": 255,
        "y": 274
    },
    "3": {
        "C": 0,
        "P": 0.9921875,
        "X": 82,
        "Y": 199,
        "x": 117,
        "y": 254
    },
    "4": {
        "C": 0,
        "P": 0.88671875,
        "X": 106,
        "Y": 41,
        "x": 155,
        "y": 101
    },
    "5": {
        "C": 1,
        "P": 0.5625,
        "X": 82,
        "Y": 202,
        "x": 115,
        "y": 251
    },
    "6": {
        "C": 1,
        "P": 0.29296875,
        "X": 37,
        "Y": 197,
        "x": 70,
        "y": 242
    },
    "7": {
        "C": 1,
        "P": 0.2578125,
        "X": 95,
        "Y": 292,
        "x": 135,
        "y": 323
    }
}