{
    "T": "2026-06-02T02:28:55.103",
    "1": {
        "C": 0,
        "P": 0.99609375,
        "X": 32,
        "Y": 196,
        "x": 77,
        "y": 247
    },
    "2": {
        "C": 0,
        "P": 0.9921875,
        "X": 71,
        "Y": 146,
        "x": 115,
        "y": 200
    },
    "3": {
        "C": 0,
        "P": 0.91015625,
        "X": 202,
        "Y": 212,
        "x": 256,
        "y": 271
    },
    "4": {
        "C": 0,
        "P": 0.77734375,
        "X": 82,
        "Y": 199,
        "x": 119,
        "y": 255
    },
    "5": {
        "C": 1,
        "P": 0.69140625,
        "X": 84,
        "Y": 205,
        "x": 116,
        "y": 250
    },
    "6": {
        "C": 1,
        "P": 0.29296875,
        "X": 95,
        "Y": 292,
        "x": 134,
        "y": 323
    },
    "7": {
        "C": 1,
        "P": 0.140625,
        "X": 183,
        "Y": 223,
        "x": 212,
        "y": 260
    },
    "8": {
        "C": 1,
        "P": 0.12109375,
        "X": 38,
        "Y": 198,
        "x": 70,
        "y": 244
    }
}