{
    "T": "2026-06-02T02:29:05.193",
    "1": {
        "C": 0,
        "P": 0.99609375,
        "X": 31,
        "Y": 194,
        "x": 79,
        "y": 244
    },
    "2": {
        "C": 0,
        "P": 0.90625,
        "X": 176,
        "Y": 210,
        "x": 229,
        "y": 265
    },
    "3": {
        "C": 1,
        "P": 0.81640625,
        "X": 73,
        "Y": 211,
        "x": 108,
        "y": 244
    },
    "4": {
        "C": 1,
        "P": 0.765625,
        "X": 39,
        "Y": 46,
        "x": 72,
        "y": 90
    },
    "5": {
        "C": 0,
        "P": 0.73046875,
        "X": 194,
        "Y": 124,
        "x": 242,
        "y": 179
    },
    "6": {
        "C": 0,
        "P": 0.29296875,
        "X": 32,
        "Y": 45,
        "x": 76,
        "y": 94
    },
    "7": {
        "C": 1,
        "P": 0.2578125,
        "X": 95,
        "Y": 293,
        "x": 135,
        "y": 323
    },
    "8": {
        "C": 1,
        "P": 0.1640625,
        "X": 181,
        "Y": 64,
        "x": 208,
        "y": 122
    },
    "9": {
        "C": 0,
        "P": 0.12109375,
        "X": 203,
        "Y": 212,
        "x": 252,
        "y": 277
    }
}