{
    "T": "2026-06-02T02:28:31.642",
    "1": {
        "C": 0,
        "P": 0.99609375,
        "X": 195,
        "Y": 208,
        "x": 244,
        "y": 261
    },
    "2": {
        "C": 0,
        "P": 0.9296875,
        "X": 68,
        "Y": 149,
        "x": 116,
        "y": 198
    },
    "3": {
        "C": 0,
        "P": 0.9296875,
        "X": 79,
        "Y": 191,
        "x": 122,
        "y": 245
    },
    "4": {
        "C": 0,
        "P": 0.77734375,
        "X": 17,
        "Y": 194,
        "x": 66,
        "y": 252
    },
    "5": {
        "C": 0,
        "P": 0.6640625,
        "X": 51,
        "Y": 166,
        "x": 89,
        "y": 228
    },
    "6": {
        "C": 0,
        "P": 0.34765625,
        "X": 141,
        "Y": 202,
        "x": 186,
        "y": 256
    },
    "7": {
        "C": 1,
        "P": 0.24609375,
        "X": 94,
        "Y": 293,
        "x": 134,
        "y": 323
    }
}