{
    "T": "2026-06-02T02:28:24.962",
    "1": {
        "C": 0,
        "P": 0.99609375,
        "X": 77,
        "Y": 191,
        "x": 125,
        "y": 246
    },
    "2": {
        "C": 0,
        "P": 0.99609375,
        "X": 193,
        "Y": 208,
        "x": 244,
        "y": 261
    },
    "3": {
        "C": 0,
        "P": 0.98828125,
        "X": 50,
        "Y": 165,
        "x": 90,
        "y": 224
    },
    "4": {
        "C": 1,
        "P": 0.609375,
        "X": 94,
        "Y": 293,
        "x": 136,
        "y": 323
    },
    "5": {
        "C": 0,
        "P": 0.390625,
        "X": 16,
        "Y": 194,
        "x": 66,
        "y": 254
    }
}