{
    "T": "2026-06-02T02:27:51.442",
    "1": {
        "C": 0,
        "P": 0.99609375,
        "X": 23,
        "Y": 122,
        "x": 63,
        "y": 176
    },
    "2": {
        "C": 0,
        "P": 0.99609375,
        "X": 77,
        "Y": 182,
        "x": 123,
        "y": 243
    },
    "3": {
        "C": 1,
        "P": 0.8359375,
        "X": 34,
        "Y": 68,
        "x": 66,
        "y": 106
    },
    "4": {
        "C": 1,
        "P": 0.11328125,
        "X": 89,
        "Y": 191,
        "x": 117,
        "y": 236
    }
}