{
    "T": "2026-06-02T02:28:14.932",
    "1": {
        "C": 0,
        "P": 0.99609375,
        "X": 70,
        "Y": 193,
        "x": 119,
        "y": 245
    },
    "2": {
        "C": 1,
        "P": 0.99609375,
        "X": 9,
        "Y": 164,
        "x": 42,
        "y": 202
    },
    "3": {
        "C": 0,
        "P": 0.859375,
        "X": 15,
        "Y": 191,
        "x": 62,
        "y": 250
    }
}