{
    "T": "2026-06-02T02:28:38.353",
    "1": {
        "C": 0,
        "P": 0.99609375,
        "X": 195,
        "Y": 208,
        "x": 244,
        "y": 261
    },
    "2": {
        "C": 0,
        "P": 0.9921875,
        "X": 123,
        "Y": 144,
        "x": 173,
        "y": 198
    },
    "3": {
        "C": 0,
        "P": 0.96875,
        "X": 79,
        "Y": 189,
        "x": 121,
        "y": 245
    },
    "4": {
        "C": 0,
        "P": 0.9140625,
        "X": 67,
        "Y": 148,
        "x": 116,
        "y": 198
    },
    "5": {
        "C": 0,
        "P": 0.62109375,
        "X": 50,
        "Y": 165,
        "x": 89,
        "y": 227
    },
    "6": {
        "C": 0,
        "P": 0.578125,
        "X": 18,
        "Y": 194,
        "x": 65,
        "y": 252
    },
    "7": {
        "C": 0,
        "P": 0.453125,
        "X": 142,
        "Y": 202,
        "x": 186,
        "y": 256
    },
    "8": {
        "C": 1,
        "P": 0.390625,
        "X": 94,
        "Y": 293,
        "x": 135,
        "y": 323
    }
}