{
    "T": "2026-06-02T02:29:25.953",
    "1": {
        "C": 0,
        "P": 0.99609375,
        "X": 30,
        "Y": 193,
        "x": 76,
        "y": 244
    },
    "2": {
        "C": 0,
        "P": 0.95703125,
        "X": 43,
        "Y": 70,
        "x": 93,
        "y": 118
    },
    "3": {
        "C": 0,
        "P": 0.765625,
        "X": 175,
        "Y": 209,
        "x": 229,
        "y": 266
    },
    "4": {
        "C": 1,
        "P": 0.2578125,
        "X": 96,
        "Y": 293,
        "x": 133,
        "y": 320
    },
    "5": {
        "C": 1,
        "P": 0.140625,
        "X": 38,
        "Y": 198,
        "x": 70,
        "y": 240
    }
}