{
    "T": "2026-06-02T02:29:18.533",
    "1": {
        "C": 0,
        "P": 0.99609375,
        "X": 30,
        "Y": 194,
        "x": 78,
        "y": 244
    },
    "2": {
        "C": 0,
        "P": 0.97265625,
        "X": 176,
        "Y": 209,
        "x": 232,
        "y": 263
    },
    "3": {
        "C": 0,
        "P": 0.96875,
        "X": 43,
        "Y": 69,
        "x": 93,
        "y": 116
    },
    "4": {
        "C": 0,
        "P": 0.80859375,
        "X": 199,
        "Y": 157,
        "x": 242,
        "y": 219
    },
    "5": {
        "C": 1,
        "P": 0.70703125,
        "X": 73,
        "Y": 211,
        "x": 108,
        "y": 244
    },
    "6": {
        "C": 0,
        "P": 0.36328125,
        "X": 206,
        "Y": 207,
        "x": 256,
        "y": 273
    },
    "7": {
        "C": 0,
        "P": 0.34765625,
        "X": 208,
        "Y": 100,
        "x": 246,
        "y": 173
    },
    "8": {
        "C": 1,
        "P": 0.171875,
        "X": 96,
        "Y": 293,
        "x": 133,
        "y": 320
    }
}