{
    "T": "2026-06-02T02:28:21.592",
    "1": {
        "C": 0,
        "P": 0.99609375,
        "X": 62,
        "Y": 191,
        "x": 119,
        "y": 243
    },
    "2": {
        "C": 0,
        "P": 0.99609375,
        "X": 193,
        "Y": 208,
        "x": 243,
        "y": 261
    },
    "3": {
        "C": 0,
        "P": 0.34765625,
        "X": 15,
        "Y": 196,
        "x": 62,
        "y": 252
    },
    "4": {
        "C": 1,
        "P": 0.2109375,
        "X": 95,
        "Y": 293,
        "x": 134,
        "y": 323
    },
    "5": {
        "C": 0,
        "P": 0.203125,
        "X": 25,
        "Y": 200,
        "x": 96,
        "y": 248
    }
}