{
    "T": "2026-06-02T02:28:01.472",
    "1": {
        "C": 0,
        "P": 0.99609375,
        "X": 15,
        "Y": 111,
        "x": 58,
        "y": 171
    },
    "2": {
        "C": 0,
        "P": 0.99609375,
        "X": 50,
        "Y": 197,
        "x": 100,
        "y": 249
    },
    "3": {
        "C": 1,
        "P": 0.99609375,
        "X": 134,
        "Y": 10,
        "x": 168,
        "y": 56
    },
    "4": {
        "C": 0,
        "P": 0.92578125,
        "X": 205,
        "Y": 215,
        "x": 254,
        "y": 269
    },
    "5": {
        "C": 0,
        "P": 0.578125,
        "X": 17,
        "Y": 199,
        "x": 67,
        "y": 255
    }
}