{
    "T": "2026-06-02T02:28:41.723",
    "1": {
        "C": 0,
        "P": 0.99609375,
        "X": 194,
        "Y": 207,
        "x": 243,
        "y": 261
    },
    "2": {
        "C": 0,
        "P": 0.953125,
        "X": 28,
        "Y": 196,
        "x": 74,
        "y": 247
    },
    "3": {
        "C": 0,
        "P": 0.24609375,
        "X": 140,
        "Y": 204,
        "x": 181,
        "y": 257
    },
    "4": {
        "C": 1,
        "P": 0.234375,
        "X": 94,
        "Y": 293,
        "x": 136,
        "y": 323
    }
}