{
    "T": "2026-06-02T02:28:04.822",
    "1": {
        "C": 0,
        "P": 0.99609375,
        "X": 14,
        "Y": 112,
        "x": 59,
        "y": 172
    },
    "2": {
        "C": 0,
        "P": 0.91796875,
        "X": 19,
        "Y": 197,
        "x": 67,
        "y": 252
    },
    "3": {
        "C": 0,
        "P": 0.859375,
        "X": 207,
        "Y": 213,
        "x": 254,
        "y": 269
    }
}