{
    "T": "2026-06-02T02:29:28.923",
    "1": {
        "C": 0,
        "P": 0.99609375,
        "X": 28,
        "Y": 194,
        "x": 74,
        "y": 245
    },
    "2": {
        "C": 0,
        "P": 0.96875,
        "X": 41,
        "Y": 69,
        "x": 92,
        "y": 118
    },
    "3": {
        "C": 0,
        "P": 0.93359375,
        "X": 196,
        "Y": 169,
        "x": 241,
        "y": 225
    },
    "4": {
        "C": 0,
        "P": 0.8984375,
        "X": 202,
        "Y": 121,
        "x": 246,
        "y": 185
    },
    "5": {
        "C": 1,
        "P": 0.5625,
        "X": 95,
        "Y": 292,
        "x": 135,
        "y": 323
    },
    "6": {
        "C": 1,
        "P": 0.140625,
        "X": 160,
        "Y": 82,
        "x": 209,
        "y": 126
    },
    "7": {
        "C": 1,
        "P": 0.1328125,
        "X": 37,
        "Y": 197,
        "x": 69,
        "y": 242
    }
}