{
    "T": "2026-06-02T02:27:45.222",
    "1": {
        "C": 0,
        "P": 0.99609375,
        "X": 25,
        "Y": 123,
        "x": 65,
        "y": 184
    },
    "2": {
        "C": 0,
        "P": 0.99609375,
        "X": 193,
        "Y": 168,
        "x": 236,
        "y": 225
    },
    "3": {
        "C": 1,
        "P": 0.98046875,
        "X": 35,
        "Y": 69,
        "x": 68,
        "y": 106
    },
    "4": {
        "C": 0,
        "P": 0.97265625,
        "X": 161,
        "Y": 197,
        "x": 207,
        "y": 250
    },
    "5": {
        "C": 0,
        "P": 0.2109375,
        "X": 131,
        "Y": 182,
        "x": 176,
        "y": 230
    }
}