{
    "T": "2026-06-02T02:28:45.053",
    "1": {
        "C": 0,
        "P": 0.99609375,
        "X": 30,
        "Y": 196,
        "x": 75,
        "y": 248
    },
    "2": {
        "C": 0,
        "P": 0.99609375,
        "X": 195,
        "Y": 209,
        "x": 242,
        "y": 260
    },
    "3": {
        "C": 0,
        "P": 0.98828125,
        "X": 69,
        "Y": 147,
        "x": 115,
        "y": 200
    },
    "4": {
        "C": 0,
        "P": 0.92578125,
        "X": 15,
        "Y": 120,
        "x": 55,
        "y": 170
    },
    "5": {
        "C": 0,
        "P": 0.77734375,
        "X": 81,
        "Y": 199,
        "x": 117,
        "y": 255
    },
    "6": {
        "C": 0,
        "P": 0.46875,
        "X": 138,
        "Y": 203,
        "x": 180,
        "y": 257
    },
    "7": {
        "C": 1,
        "P": 0.453125,
        "X": 83,
        "Y": 205,
        "x": 115,
        "y": 251
    },
    "8": {
        "C": 1,
        "P": 0.22265625,
        "X": 38,
        "Y": 198,
        "x": 69,
        "y": 245
    },
    "9": {
        "C": 1,
        "P": 0.2109375,
        "X": 95,
        "Y": 293,
        "x": 133,
        "y": 320
    }
}