{
    "T": "2026-06-02T02:29:15.213",
    "1": {
        "C": 0,
        "P": 0.99609375,
        "X": 31,
        "Y": 195,
        "x": 79,
        "y": 244
    },
    "2": {
        "C": 0,
        "P": 0.984375,
        "X": 175,
        "Y": 209,
        "x": 230,
        "y": 262
    },
    "3": {
        "C": 0,
        "P": 0.95703125,
        "X": 44,
        "Y": 69,
        "x": 93,
        "y": 117
    },
    "4": {
        "C": 0,
        "P": 0.95703125,
        "X": 195,
        "Y": 166,
        "x": 243,
        "y": 220
    },
    "5": {
        "C": 1,
        "P": 0.53125,
        "X": 73,
        "Y": 211,
        "x": 108,
        "y": 244
    },
    "6": {
        "C": 1,
        "P": 0.37890625,
        "X": 95,
        "Y": 293,
        "x": 135,
        "y": 323
    },
    "7": {
        "C": 0,
        "P": 0.1640625,
        "X": 208,
        "Y": 208,
        "x": 256,
        "y": 272
    }
}