{
    "T": "2026-06-02T02:28:11.552",
    "1": {
        "C": 0,
        "P": 0.99609375,
        "X": 71,
        "Y": 193,
        "x": 119,
        "y": 246
    },
    "2": {
        "C": 1,
        "P": 0.99609375,
        "X": 9,
        "Y": 164,
        "x": 42,
        "y": 202
    },
    "3": {
        "C": 0,
        "P": 0.98828125,
        "X": 192,
        "Y": 204,
        "x": 250,
        "y": 264
    },
    "4": {
        "C": 0,
        "P": 0.7421875,
        "X": 15,
        "Y": 190,
        "x": 60,
        "y": 250
    }
}