{
    "T": "2026-06-02T02:28:34.983",
    "1": {
        "C": 0,
        "P": 0.99609375,
        "X": 194,
        "Y": 207,
        "x": 243,
        "y": 262
    },
    "2": {
        "C": 0,
        "P": 0.89453125,
        "X": 79,
        "Y": 191,
        "x": 122,
        "y": 245
    },
    "3": {
        "C": 0,
        "P": 0.875,
        "X": 68,
        "Y": 149,
        "x": 116,
        "y": 199
    },
    "4": {
        "C": 1,
        "P": 0.63671875,
        "X": 94,
        "Y": 292,
        "x": 135,
        "y": 323
    },
    "5": {
        "C": 0,
        "P": 0.5,
        "X": 18,
        "Y": 194,
        "x": 65,
        "y": 252
    },
    "6": {
        "C": 0,
        "P": 0.5,
        "X": 51,
        "Y": 165,
        "x": 89,
        "y": 226
    },
    "7": {
        "C": 0,
        "P": 0.30859375,
        "X": 139,
        "Y": 203,
        "x": 180,
        "y": 256
    }
}