{
    "T": "2026-06-02T02:27:58.152",
    "1": {
        "C": 0,
        "P": 0.99609375,
        "X": 23,
        "Y": 122,
        "x": 63,
        "y": 177
    },
    "2": {
        "C": 0,
        "P": 0.99609375,
        "X": 66,
        "Y": 200,
        "x": 110,
        "y": 256
    },
    "3": {
        "C": 0,
        "P": 0.96875,
        "X": 215,
        "Y": 216,
        "x": 267,
        "y": 263
    },
    "4": {
        "C": 0,
        "P": 0.92578125,
        "X": 33,
        "Y": 208,
        "x": 81,
        "y": 263
    }
}