{
    "T": "2026-06-02T02:27:48.302",
    "1": {
        "C": 0,
        "P": 0.99609375,
        "X": 25,
        "Y": 123,
        "x": 65,
        "y": 184
    },
    "2": {
        "C": 0,
        "P": 0.99609375,
        "X": 192,
        "Y": 167,
        "x": 237,
        "y": 225
    },
    "3": {
        "C": 1,
        "P": 0.99609375,
        "X": 36,
        "Y": 69,
        "x": 68,
        "y": 106
    },
    "4": {
        "C": 0,
        "P": 0.9296875,
        "X": 162,
        "Y": 196,
        "x": 207,
        "y": 250
    },
    "5": {
        "C": 0,
        "P": 0.36328125,
        "X": 207,
        "Y": 35,
        "x": 259,
        "y": 104
    },
    "6": {
        "C": 0,
        "P": 0.171875,
        "X": 131,
        "Y": 182,
        "x": 176,
        "y": 231
    }
}