{
    "T": "2026-06-02T02:28:08.202",
    "1": {
        "C": 0,
        "P": 0.99609375,
        "X": 17,
        "Y": 198,
        "x": 64,
        "y": 255
    },
    "2": {
        "C": 0,
        "P": 0.99609375,
        "X": 15,
        "Y": 110,
        "x": 56,
        "y": 169
    },
    "3": {
        "C": 0,
        "P": 0.9765625,
        "X": 191,
        "Y": 204,
        "x": 249,
        "y": 264
    }
}